{"importBase":"import","nativeBase":"native","name":"BundleTest","deps":[],"uuids":["5bb/5OnHJI2KQdmoDauhZA","e5zA+cCPBJlooFIc66XwEp","5bb/5OnHJI2KQdmoDauhZA@6c48a","5bb/5OnHJI2KQdmoDauhZA@f9941","e5zA+cCPBJlooFIc66XwEp@6c48a","e5zA+cCPBJlooFIc66XwEp@f9941","0b93c926d"],"paths":{"0":["imgTest2",0,1],"1":["imgTest",0,1],"2":["imgTest2/texture",1,1],"3":["imgTest2/spriteFrame",2,1],"4":["imgTest/texture",1,1],"5":["imgTest/spriteFrame",2,1]},"scenes":{},"packs":{"0b93c926d":[2,4]},"versions":{"import":[6,"c78ee",0,"a2533",3,"ffdb2",1,"a2533",5,"42750"],"native":[0,"8b76f",1,"9e821"]},"redirect":[],"debug":false,"extensionMap":{},"hasPreloadScript":true,"dependencyRelationships":{},"types":["cc.ImageAsset","cc.Texture2D","cc.SpriteFrame"]}