[1,["5bb/5OnHJI2KQdmoDauhZA@6c48a"],["_textureSource"],["cc.SpriteFrame"],0,[{"name":"imgTest2","rect":{"x":1,"y":1,"width":141,"height":141},"offset":{"x":0,"y":0},"originalSize":{"width":143,"height":143},"rotated":false,"capInsets":[0,0,0,0],"vertices":{"rawPosition":[-70.5,-70.5,0,70.5,-70.5,0,-70.5,70.5,0,70.5,70.5,0],"indexes":[0,1,2,2,1,3],"uv":[1,142,142,142,1,1,142,1],"nuv":[0.006993006993006993,0.006993006993006993,0.993006993006993,0.006993006993006993,0.006993006993006993,0.993006993006993,0.993006993006993,0.993006993006993],"minPos":{"x":-70.5,"y":-70.5,"z":0},"maxPos":{"x":70.5,"y":70.5,"z":0}},"packable":true,"pixelsToUnit":100,"pivot":{"x":0.5,"y":0.5},"meshType":0}],[0],0,[0],[0],[0]]
