[1,["e5zA+cCPBJlooFIc66XwEp@6c48a"],["_textureSource"],["cc.SpriteFrame"],0,[{"name":"imgTest","rect":{"x":1,"y":1,"width":169,"height":170},"offset":{"x":0,"y":0},"originalSize":{"width":171,"height":172},"rotated":false,"capInsets":[0,0,0,0],"vertices":{"rawPosition":[-84.5,-85,0,84.5,-85,0,-84.5,85,0,84.5,85,0],"indexes":[0,1,2,2,1,3],"uv":[1,171,170,171,1,1,170,1],"nuv":[0.005847953216374269,0.005813953488372093,0.9941520467836257,0.005813953488372093,0.005847953216374269,0.9941860465116279,0.9941520467836257,0.9941860465116279],"minPos":{"x":-84.5,"y":-85,"z":0},"maxPos":{"x":84.5,"y":85,"z":0}},"packable":true,"pixelsToUnit":100,"pivot":{"x":0.5,"y":0.5},"meshType":0}],[0],0,[0],[0],[0]]
